GENDER,COUNT,AVG_CLAIM,AVG_PAID
Female,10002860,14576.46550966,15274.41127632
Male,9997140,14618.33112814,15316.03261665
