FRAUD_INDICATOR,AVG_PAYMENT_RATIO,TOTAL
0,1.0000118113,18006786
1,1.4797615504,1993214
